t_s,v_out
214.7299,1.6
214.72990009999998,1.2000000000000002
214.72990019999997,1.6
214.7299003,1.2000000000000002
214.7299004,1.4000000000000001
214.72990049999999,1.6
214.72990059999998,1.6
214.72990069999997,1.4000000000000001
214.7299008,1.4000000000000001
214.7299009,1.8
214.72990099999998,1.4000000000000001
214.72990109999998,1.8
214.7299012,1.6
214.7299013,1.8
214.7299014,1.6
214.72990149999998,1.8
214.72990159999998,1.4000000000000001
214.7299017,1.8
214.7299018,1.4000000000000001
214.7299019,1.8
214.72990199999998,1.6
214.72990209999998,1.2000000000000002
214.7299022,1.6
214.7299023,1.2000000000000002
214.7299024,1.4000000000000001
214.72990249999998,1.0
214.72990259999997,1.2000000000000002
214.7299027,1.0
214.7299028,1.2000000000000002
214.72990289999998,0.8
214.72990299999998,1.0
214.72990309999997,0.8
214.7299032,0.6000000000000001
214.7299033,0.8
214.72990339999998,0.6000000000000001
214.72990349999998,0.4
214.7299036,0.6000000000000001
214.7299037,0.2
214.7299038,0.4
214.72990389999998,0.0
214.72990399999998,0.2
214.7299041,-0.2
214.7299042,0.0
214.7299043,-0.4
214.72990439999998,-0.2
214.72990449999998,-0.4
214.7299046,-0.2
214.7299047,-0.6000000000000001
214.72990479999999,-0.4
214.72990489999998,-0.8
214.72990499999997,-0.6000000000000001
214.7299051,-1.0
214.7299052,-0.8
214.72990529999998,-1.0
214.72990539999998,-0.8
214.72990549999997,-1.0
214.7299056,-0.8
214.7299057,-1.2000000000000002
214.72990579999998,-1.0
214.72990589999998,-1.2000000000000002
214.729906,-1.2000000000000002
214.7299061,-1.0
214.7299062,-1.2000000000000002
214.72990629999998,-1.0
214.72990639999998,-1.2000000000000002
214.7299065,-1.0
214.7299066,-1.2000000000000002
214.7299067,-0.8
214.72990679999998,-1.0
214.72990689999997,-0.8
214.729907,-1.0
214.7299071,-0.8
214.72990719999999,-1.0
214.72990729999998,-0.6000000000000001
214.72990739999997,-1.0
214.7299075,-0.6000000000000001
214.7299076,-0.8
214.72990769999998,-0.4
214.72990779999998,-0.6000000000000001
214.7299079,-0.2
214.729908,-0.4
214.7299081,0.0
214.72990819999998,-0.2
214.72990829999998,0.0
214.7299084,-0.2
214.7299085,0.2
214.7299086,0.0
214.72990869999998,0.4
214.72990879999998,0.2
214.7299089,0.6000000000000001
214.729909,0.4
214.7299091,0.8
214.72990919999998,0.6000000000000001
214.72990929999997,1.0
214.7299094,0.8
214.7299095,1.2000000000000002
214.72990959999998,0.8
214.72990969999998,1.2000000000000002
214.72990979999997,1.0
214.7299099,1.2000000000000002
214.72991,1.2000000000000002
214.72991009999998,1.4000000000000001
214.72991019999998,1.4000000000000001
214.7299103,1.2000000000000002
214.7299104,1.4000000000000001
214.7299105,1.6
214.72991059999998,1.4000000000000001
214.72991069999998,1.8
214.7299108,1.4000000000000001
214.7299109,1.8
214.729911,1.6
214.72991109999998,1.8
214.72991119999998,1.4000000000000001
214.7299113,1.8
214.7299114,1.8
214.7299115,1.4000000000000001
214.72991159999998,1.4000000000000001
214.72991169999997,1.8
214.7299118,1.6
214.7299119,1.4000000000000001
214.72991199999998,1.6
214.72991209999998,1.2000000000000002
214.72991219999997,1.4000000000000001
214.7299123,1.2000000000000002
214.7299124,1.2000000000000002
214.72991249999998,1.4000000000000001
214.72991259999998,1.0
214.7299127,1.4000000000000001
214.7299128,1.2000000000000002
214.7299129,0.8
214.72991299999998,0.8
214.72991309999998,1.0
214.7299132,0.8
214.7299133,0.4
214.7299134,0.6000000000000001
214.72991349999998,0.4
214.72991359999997,0.6000000000000001
214.7299137,0.2
214.7299138,0.4
214.72991389999999,0.0
214.72991399999998,0.2
214.72991409999997,-0.2
214.7299142,0.0
214.7299143,-0.2
214.72991439999998,-0.2
214.72991449999998,-0.6000000000000001
214.72991459999997,-0.4
214.7299147,-0.6000000000000001
214.7299148,-0.4
214.72991489999998,-0.8
214.72991499999998,-0.6000000000000001
214.7299151,-1.0
214.7299152,-0.8
214.7299153,-1.0
214.72991539999998,-1.0
214.72991549999998,-0.8
214.7299156,-0.8
214.7299157,-1.2000000000000002
214.7299158,-1.0
214.72991589999998,-1.2000000000000002
214.72991599999997,-1.0
214.7299161,-1.2000000000000002
214.7299162,-1.0
214.72991629999999,-1.2000000000000002
214.72991639999998,-1.2000000000000002
214.72991649999997,-1.0
214.7299166,-1.0
214.7299167,-1.2000000000000002
214.72991679999998,-1.2000000000000002
214.72991689999998,-0.8
214.729917,-1.0
214.7299171,-0.8
214.7299172,-1.0
214.72991729999998,-0.6000000000000001
214.72991739999998,-0.8
214.7299175,-0.6000000000000001
214.7299176,-0.8
214.7299177,-0.4
214.72991779999998,-0.4
214.72991789999998,-0.6000000000000001
214.729918,-0.2
214.7299181,-0.6000000000000001
214.7299182,0.0
214.72991829999998,-0.2
214.72991839999997,0.0
214.7299185,0.2
214.7299186,0.0
214.72991869999998,0.4
214.72991879999998,0.2
214.72991889999997,0.6000000000000001
214.729919,0.4
214.7299191,0.8
214.72991919999998,0.6000000000000001
214.72991929999998,1.0
214.7299194,0.8
214.7299195,1.0
214.7299196,1.0
214.72991969999998,1.2000000000000002
214.72991979999998,1.0
214.7299199,1.4000000000000001
214.72992,1.2000000000000002
214.7299201,1.4000000000000001
214.72992019999998,1.4000000000000001
214.72992029999997,1.6
214.7299204,1.4000000000000001
214.7299205,1.6
214.72992059999999,1.6
214.72992069999998,1.4000000000000001
214.72992079999997,1.4000000000000001
214.7299209,1.8
214.729921,1.6
214.72992109999998,1.8
214.72992119999998,1.8
214.72992129999997,1.4000000000000001
214.7299214,1.6
214.7299215,1.8
214.72992159999998,1.6
214.72992169999998,1.4000000000000001
214.7299218,1.6
214.7299219,1.4000000000000001
214.729922,1.6
214.72992209999998,1.4000000000000001
214.72992219999998,1.4000000000000001
214.7299223,1.2000000000000002
214.7299224,1.4000000000000001
214.7299225,1.2000000000000002
214.72992259999998,1.4000000000000001
214.72992269999997,1.0
214.7299228,1.2000000000000002
214.7299229,0.8
214.72992299999999,1.0
214.72992309999998,0.6000000000000001
214.72992319999997,1.0
214.7299233,0.6000000000000001
214.7299234,0.8
214.72992349999998,0.4
214.72992359999998,0.6000000000000001
214.7299237,0.2
214.7299238,0.4
214.7299239,0.0
214.72992399999998,0.2
214.72992409999998,-0.2
214.7299242,0.0
214.7299243,-0.4
214.7299244,-0.2
214.72992449999998,-0.4
214.72992459999998,-0.4
214.7299247,-0.6000000000000001
214.7299248,-0.4
214.7299249,-0.8
214.72992499999998,-0.6000000000000001
214.72992509999997,-0.8
214.7299252,-1.0
214.7299253,-0.6000000000000001
214.72992539999998,-1.0
214.72992549999998,-0.8
214.72992559999997,-0.8
214.7299257,-1.2000000000000002
214.7299258,-1.0
214.72992589999998,-1.2000000000000002
214.72992599999998,-1.0
214.7299261,-1.2000000000000002
214.7299262,-1.0
214.7299263,-1.2000000000000002
214.72992639999998,-1.0
214.72992649999998,-1.2000000000000002
214.7299266,-1.2000000000000002
214.7299267,-0.8
214.7299268,-1.2000000000000002
214.72992689999998,-0.8
214.72992699999998,-1.0
214.7299271,-0.8
214.7299272,-0.8
214.72992729999999,-1.0
214.72992739999998,-0.8
214.72992749999997,-0.6000000000000001
214.7299276,-0.8
214.7299277,-0.4
214.72992779999998,-0.6000000000000001
214.72992789999998,-0.2
214.72992799999997,-0.4
214.7299281,-0.2
214.7299282,-0.4
214.72992829999998,0.0
214.72992839999998,0.0
214.7299285,0.2
214.7299286,0.0
214.7299287,0.4
214.72992879999998,0.2
214.72992889999998,0.6000000000000001
214.729929,0.4
214.7299291,0.8
214.7299292,0.8
214.72992929999998,0.6000000000000001
214.72992939999997,0.8
214.7299295,1.0
214.7299296,1.0
214.72992969999999,1.2000000000000002
214.72992979999998,1.0
214.72992989999997,1.4000000000000001
214.72993,1.2000000000000002
214.7299301,1.4000000000000001
214.72993019999998,1.2000000000000002
214.72993029999998,1.6
214.7299304,1.4000000000000001
214.7299305,1.6
214.7299306,1.4000000000000001
214.72993069999998,1.8
214.72993079999998,1.4000000000000001
214.7299309,1.8
214.729931,1.6
214.7299311,1.8
214.72993119999998,1.6
214.72993129999998,1.8
214.7299314,1.6
214.7299315,1.8
214.7299316,1.8
214.72993169999998,1.4000000000000001
214.72993179999997,1.6
214.7299319,1.4000000000000001
214.729932,1.4000000000000001
214.72993209999998,1.6
214.72993219999998,1.6
214.72993229999997,1.2000000000000002
214.7299324,1.4000000000000001
214.7299325,1.2000000000000002
214.72993259999998,1.2000000000000002
214.72993269999998,1.0
214.7299328,1.2000000000000002
214.7299329,0.8
214.729933,1.0
214.72993309999998,0.8
214.72993319999998,0.8
214.7299333,0.6000000000000001
214.7299334,0.8
214.7299335,0.4
214.72993359999998,0.6000000000000001
214.72993369999998,0.2
214.7299338,0.4
214.7299339,0.0
214.729934,0.2
214.72993409999998,-0.2
214.72993419999997,0.0
214.7299343,-0.4
214.7299344,-0.4
214.72993449999998,-0.2
214.72993459999998,-0.2
214.72993469999997,-0.6000000000000001
214.7299348,-0.4
214.7299349,-0.8
214.72993499999998,-0.6000000000000001
214.72993509999998,-1.0
214.7299352,-0.8
214.7299353,-1.0
214.7299354,-0.8
214.72993549999998,-1.0
214.72993559999998,-1.0
214.7299357,-1.2000000000000002
214.7299358,-1.2000000000000002
214.7299359,-1.0
214.72993599999998,-1.0
214.72993609999997,-1.2000000000000002
214.7299362,-1.0
214.7299363,-1.2000000000000002
214.72993639999999,-1.0
214.72993649999998,-1.2000000000000002
214.72993659999997,-1.2000000000000002
214.7299367,-1.0
214.7299368,-1.2000000000000002
214.72993689999998,-0.8
214.72993699999998,-1.0
214.72993709999997,-0.8
214.7299372,-1.0
214.7299373,-0.6000000000000001
214.72993739999998,-0.8
214.72993749999998,-0.6000000000000001
214.7299376,-0.8
214.7299377,-0.4
214.7299378,-0.6000000000000001
214.72993789999998,-0.2
214.72993799999998,-0.2
214.7299381,-0.4
214.7299382,-0.2
214.7299383,0.0
214.72993839999998,-0.2
214.72993849999997,0.2
214.7299386,0.0
214.7299387,0.4
214.72993879999999,0.2
214.72993889999998,0.6000000000000001
214.72993899999997,0.4
214.7299391,0.6000000000000001
214.7299392,0.6000000000000001
214.72993929999998,0.8
214.72993939999998,0.8
214.7299395,1.0
214.7299396,0.8
214.7299397,1.2000000000000002
214.72993979999998,1.0
214.72993989999998,1.4000000000000001
214.72994,1.2000000000000002
214.7299401,1.4000000000000001
214.7299402,1.2000000000000002
214.72994029999998,1.6
214.72994039999998,1.4000000000000001
214.7299405,1.6
214.7299406,1.6
214.7299407,1.4000000000000001
214.72994079999998,1.4000000000000001
214.72994089999997,1.8
214.729941,1.8
214.7299411,1.4000000000000001
214.72994119999998,1.8
214.72994129999998,1.4000000000000001
214.72994139999997,1.4000000000000001
214.7299415,1.8
214.7299416,1.8
214.72994169999998,1.4000000000000001
214.72994179999998,1.6
214.7299419,1.4000000000000001
214.729942,1.4000000000000001
214.7299421,1.6
214.72994219999998,1.6
214.72994229999998,1.2000000000000002
214.7299424,1.4000000000000001
214.7299425,1.2000000000000002
214.7299426,1.2000000000000002
214.72994269999998,1.0
214.72994279999998,1.2000000000000002
214.7299429,1.0
214.729943,1.0
214.72994309999999,0.8
214.72994319999998,0.8
214.72994329999997,0.6000000000000001
214.7299434,0.6000000000000001
214.7299435,0.4
214.72994359999998,0.6000000000000001
214.72994369999998,0.2
214.72994379999997,0.4
214.7299439,0.0
214.729944,0.2
214.72994409999998,-0.2
214.72994419999998,0.0
214.7299443,-0.4
214.7299444,-0.2
214.7299445,-0.4
214.72994459999998,-0.4
214.72994469999998,-0.6000000000000001
214.7299448,-0.4
214.7299449,-0.8
214.729945,-0.6000000000000001
214.72994509999998,-1.0
214.72994519999997,-1.0
214.7299453,-0.6000000000000001
214.7299454,-0.8
214.72994549999999,-1.0
214.72994559999998,-1.0
214.72994569999997,-1.2000000000000002
214.7299458,-1.0
214.7299459,-1.2000000000000002
214.72994599999998,-1.2000000000000002
214.72994609999998,-1.0
214.7299462,-1.2000000000000002
214.7299463,-1.0
214.7299464,-1.2000000000000002
214.72994649999998,-1.0
214.72994659999998,-1.2000000000000002
214.7299467,-0.8
214.7299468,-1.2000000000000002
214.7299469,-0.8
214.72994699999998,-1.0
214.72994709999998,-0.8
214.7299472,-1.0
214.7299473,-0.6000000000000001
214.7299474,-0.6000000000000001
214.72994749999998,-1.0
214.72994759999997,-0.8
214.7299477,-0.4
214.7299478,-0.6000000000000001
214.72994789999998,-0.4
214.72994799999998,-0.4
214.72994809999997,-0.2
214.7299482,-0.4
214.7299483,0.0
214.72994839999998,-0.2
214.72994849999998,0.2
214.7299486,0.0
214.7299487,0.4
214.7299488,0.2
214.72994889999998,0.6000000000000001
214.72994899999998,0.6000000000000001
214.7299491,0.4
214.7299492,0.6000000000000001
214.7299493,0.8
214.72994939999998,0.8
214.72994949999998,1.0
214.7299496,0.8
214.7299497,1.2000000000000002
214.72994979999999,1.0
214.72994989999998,1.4000000000000001
214.72994999999997,1.2000000000000002
214.7299501,1.4000000000000001
214.7299502,1.2000000000000002
214.72995029999998,1.6
214.72995039999998,1.4000000000000001
214.72995049999997,1.6
214.7299506,1.6
214.7299507,1.4000000000000001
214.72995079999998,1.6
214.72995089999998,1.4000000000000001
214.729951,1.8
214.7299511,1.4000000000000001
214.7299512,1.6
214.72995129999998,1.8
214.72995139999998,1.8
214.7299515,1.4000000000000001
214.7299516,1.6
214.7299517,1.4000000000000001
214.72995179999998,1.6
214.72995189999997,1.4000000000000001
214.729952,1.6
214.7299521,1.2000000000000002
214.72995219999999,1.4000000000000001
214.72995229999998,1.2000000000000002
214.72995239999997,1.4000000000000001
214.7299525,1.2000000000000002
214.7299526,1.4000000000000001
214.72995269999998,1.0
214.72995279999998,1.2000000000000002
214.72995289999997,0.8
214.729953,1.0
214.7299531,0.6000000000000001
214.72995319999998,0.8
214.72995329999998,0.6000000000000001
214.7299534,0.6000000000000001
214.7299535,0.4
214.7299536,0.6000000000000001
214.72995369999998,0.2
214.72995379999998,0.4
214.7299539,0.0
214.729954,0.2
214.7299541,-0.2
214.72995419999998,0.0
214.72995429999997,-0.4
214.7299544,-0.2
214.7299545,-0.4
214.72995459999999,-0.4
214.72995469999998,-0.6000000000000001
214.72995479999997,-0.4
214.7299549,-0.8
214.729955,-0.6000000000000001
214.72995509999998,-0.8
214.72995519999998,-1.0
214.7299553,-0.6000000000000001
214.7299554,-0.8
214.7299555,-1.0
214.72995559999998,-0.8
214.72995569999998,-1.2000000000000002
214.7299558,-1.0
214.7299559,-1.2000000000000002
214.729956,-1.0
214.72995609999998,-1.2000000000000002
214.72995619999998,-1.2000000000000002
214.7299563,-1.0
214.7299564,-1.0
214.7299565,-1.2000000000000002
214.72995659999998,-1.0
214.72995669999997,-1.2000000000000002
214.7299568,-1.0
214.7299569,-0.8
214.72995699999998,-1.0
214.72995709999998,-0.8
214.72995719999997,-1.0
214.7299573,-0.6000000000000001
214.7299574,-1.0
214.72995749999998,-0.6000000000000001
214.72995759999998,-0.8
214.7299577,-0.4
214.7299578,-0.6000000000000001
214.7299579,-0.2
214.72995799999998,-0.6000000000000001
214.72995809999998,-0.2
214.7299582,-0.4
214.7299583,0.0
214.7299584,-0.2
214.72995849999998,0.2
214.72995859999997,0.0
214.7299587,0.4
214.7299588,0.2
214.72995889999999,0.6000000000000001
214.72995899999998,0.4
214.72995909999997,0.8
214.7299592,0.6000000000000001
214.7299593,0.8
214.72995939999998,0.8
214.72995949999998,1.0
214.72995959999997,0.8
214.7299597,1.2000000000000002
214.7299598,1.0
214.72995989999998,1.4000000000000001
214.72995999999998,1.2000000000000002
214.7299601,1.4000000000000001
214.7299602,1.4000000000000001
214.7299603,1.2000000000000002
214.72996039999998,1.4000000000000001
214.72996049999998,1.6
214.7299606,1.6
214.7299607,1.4000000000000001
214.7299608,1.4000000000000001
214.72996089999998,1.8
214.72996099999997,1.6
214.7299611,1.8
214.7299612,1.6
214.72996129999999,1.8
214.72996139999998,1.4000000000000001
214.72996149999997,1.8
214.7299616,1.8
214.7299617,1.4000000000000001
214.72996179999998,1.6
214.72996189999998,1.4000000000000001
214.729962,1.4000000000000001
214.7299621,1.6
214.7299622,1.4000000000000001
214.72996229999998,1.2000000000000002
214.72996239999998,1.4000000000000001
214.7299625,1.2000000000000002
214.7299626,1.2000000000000002
214.7299627,1.0
214.72996279999998,1.2000000000000002
214.72996289999998,0.8
214.729963,0.8
214.7299631,1.2000000000000002
214.7299632,0.8
214.72996329999998,0.6000000000000001
214.72996339999997,0.6000000000000001
214.7299635,0.4
214.7299636,0.2
214.72996369999998,0.6000000000000001
214.72996379999998,0.4
214.72996389999997,0.0
214.729964,0.2
214.7299641,-0.2
214.72996419999998,0.0
214.72996429999998,-0.4
214.7299644,-0.2
214.7299645,-0.4
214.7299646,-0.2
214.72996469999998,-0.6000000000000001
214.72996479999998,-0.4
214.7299649,-0.8
214.729965,-0.6000000000000001
214.7299651,-1.0
214.72996519999998,-0.6000000000000001
214.72996529999998,-1.0
214.7299654,-0.8
214.7299655,-1.2000000000000002
214.72996559999999,-0.8
214.72996569999998,-1.2000000000000002
214.72996579999997,-1.0
214.7299659,-1.2000000000000002
214.729966,-1.0
214.72996609999998,-1.2000000000000002
214.72996619999998,-1.2000000000000002
214.72996629999997,-1.0
214.7299664,-1.0
214.7299665,-1.2000000000000002
214.72996659999998,-1.2000000000000002
214.72996669999998,-1.0
214.7299668,-1.2000000000000002
214.7299669,-0.8
214.729967,-1.2000000000000002
214.72996709999998,-0.8
214.72996719999998,-1.0
214.7299673,-0.6000000000000001
214.7299674,-1.0
214.7299675,-0.6000000000000001
214.72996759999998,-0.8
214.72996769999997,-0.4
214.7299678,-0.6000000000000001
214.7299679,-0.2
214.72996799999999,-0.2
214.72996809999998,-0.6000000000000001
214.72996819999997,-0.4
214.7299683,0.0
214.7299684,-0.2
214.72996849999998,0.2
214.72996859999998,0.0
214.7299687,0.4
214.7299688,0.2
214.7299689,0.6000000000000001
214.72996899999998,0.4
214.72996909999998,0.8
214.7299692,0.6000000000000001
214.7299693,0.8
214.7299694,1.0
214.72996949999998,0.6000000000000001
214.72996959999998,0.8
214.7299697,1.2000000000000002
214.7299698,1.0
214.7299699,1.4000000000000001
214.72996999999998,1.2000000000000002
214.72997009999997,1.4000000000000001
214.7299702,1.2000000000000002
214.7299703,1.6
214.72997039999998,1.4000000000000001
214.72997049999998,1.6
214.72997059999997,1.4000000000000001
214.7299707,1.6
214.7299708,1.6
214.72997089999998,1.4000000000000001
214.72997099999998,1.4000000000000001
214.7299711,1.8
214.7299712,1.4000000000000001
214.7299713,1.8
214.72997139999998,1.6
214.72997149999998,1.8
214.7299716,1.8
214.7299717,1.4000000000000001
214.7299718,1.6
214.72997189999998,1.4000000000000001
214.72997199999998,1.4000000000000001
214.7299721,1.6
214.7299722,1.6
214.7299723,1.2000000000000002
214.72997239999998,1.4000000000000001
214.72997249999997,1.2000000000000002
214.7299726,1.4000000000000001
214.7299727,1.0
214.72997279999998,1.2000000000000002
214.72997289999998,0.8
214.72997299999997,0.8
214.7299731,1.2000000000000002
214.7299732,0.8
214.72997329999998,0.6000000000000001
214.72997339999998,0.6000000000000001
214.7299735,0.2
214.7299736,0.6000000000000001
214.7299737,0.2
214.72997379999998,0.4
214.72997389999998,0.0
214.729974,0.2
214.7299741,-0.2
214.7299742,0.0
214.72997429999998,-0.2
214.72997439999997,-0.2
214.7299745,-0.4
214.7299746,-0.4
214.72997469999999,-0.6000000000000001
214.72997479999998,-0.4
214.72997489999997,-0.8
214.729975,-0.6000000000000001
214.7299751,-0.8
214.72997519999998,-0.8
214.72997529999998,-1.0
214.72997539999997,-1.0
214.7299755,-0.8
214.7299756,-0.8
214.72997569999998,-1.2000000000000002
214.72997579999998,-1.0
214.7299759,-1.2000000000000002
214.729976,-1.0
214.7299761,-1.2000000000000002
214.72997619999998,-1.2000000000000002
214.72997629999998,-1.0
214.7299764,-1.0
214.7299765,-1.2000000000000002
214.7299766,-1.0
214.72997669999998,-1.2000000000000002
214.72997679999997,-1.2000000000000002
214.7299769,-0.8
214.729977,-1.0
214.72997709999999,-0.8
214.72997719999998,-1.0
214.72997729999997,-0.8
214.7299774,-1.0
214.7299775,-0.6000000000000001
214.72997759999998,-0.8
214.72997769999998,-0.4
214.7299778,-0.6000000000000001
214.7299779,-0.4
214.729978,-0.4
214.72997809999998,-0.2
214.72997819999998,-0.4
214.7299783,0.0
214.7299784,-0.2
214.7299785,0.2
214.72997859999998,0.0
214.72997869999998,0.4
214.7299788,0.2
214.7299789,0.6000000000000001
214.729979,0.4
214.72997909999998,0.8
214.72997919999997,0.6000000000000001
214.7299793,1.0
214.7299794,0.6000000000000001
214.72997949999998,1.0
214.72997959999998,0.8
214.72997969999997,1.2000000000000002
214.7299798,1.0
214.7299799,1.4000000000000001
214.72997999999998,1.4000000000000001
214.72998009999998,1.2000000000000002
214.7299802,1.2000000000000002
214.7299803,1.6
214.7299804,1.4000000000000001
214.72998049999998,1.6
214.72998059999998,1.6
214.7299807,1.4000000000000001
214.7299808,1.6
214.7299809,1.4000000000000001
214.72998099999998,1.4000000000000001
214.72998109999997,1.8
214.7299812,1.8
214.7299813,1.4000000000000001
214.72998139999999,1.6
214.72998149999998,1.8
214.72998159999997,1.8
214.7299817,1.4000000000000001
214.7299818,1.8
214.72998189999998,1.4000000000000001
214.72998199999998,1.4000000000000001
214.72998209999997,1.6
214.7299822,1.6
214.7299823,1.2000000000000002
214.72998239999998,1.2000000000000002
214.72998249999998,1.4000000000000001
214.7299826,1.4000000000000001
214.7299827,1.0
214.7299828,1.2000000000000002
214.72998289999998,0.8
214.72998299999998,1.0
214.7299831,0.6000000000000001
214.7299832,1.0
214.7299833,0.6000000000000001
214.72998339999998,0.8
214.72998349999997,0.4
214.7299836,0.6000000000000001
214.7299837,0.2
214.72998379999999,0.4
214.72998389999998,0.0
214.72998399999997,0.2
214.7299841,-0.2
214.7299842,0.0
214.72998429999998,-0.4
214.72998439999998,-0.4
214.7299845,0.0
214.7299846,-0.2
214.7299847,-0.6000000000000001
214.72998479999998,-0.4
214.72998489999998,-0.8
214.729985,-0.6000000000000001
214.7299851,-1.0
214.7299852,-0.8
214.72998529999998,-1.0
214.72998539999998,-0.8
214.7299855,-1.0
214.7299856,-1.2000000000000002
214.7299857,-0.8
214.72998579999998,-1.0
214.72998589999997,-1.2000000000000002
214.729986,-1.0
214.7299861,-1.2000000000000002
214.72998619999998,-1.2000000000000002
214.72998629999998,-1.0
214.72998639999997,-1.2000000000000002
214.7299865,-1.0
214.7299866,-1.0
214.72998669999998,-1.2000000000000002
214.72998679999998,-1.2000000000000002
214.7299869,-0.8
214.729987,-0.8
214.7299871,-1.2000000000000002
214.72998719999998,-1.0
214.72998729999998,-0.8
214.7299874,-0.8
214.7299875,-0.6000000000000001
214.7299876,-0.8
214.72998769999998,-0.4
214.72998779999998,-0.6000000000000001
214.7299879,-0.2
214.729988,-0.4
214.72998809999999,-0.2
214.72998819999998,-0.4
214.72998829999997,0.0
214.7299884,-0.2
214.7299885,0.2
214.72998859999998,0.0
214.72998869999998,0.4
214.72998879999997,0.2
214.7299889,0.6000000000000001
214.729989,0.4
214.72998909999998,0.8
214.72998919999998,0.6000000000000001
214.7299893,0.8
214.7299894,0.6000000000000001
214.7299895,1.0
214.72998959999998,0.8
214.72998969999998,1.2000000000000002
214.7299898,1.0
214.7299899,1.4000000000000001
214.72999,1.2000000000000002
214.72999009999998,1.4000000000000001
214.72999019999997,1.2000000000000002
214.7299903,1.6
214.7299904,1.4000000000000001
214.72999049999999,1.6
214.72999059999998,1.6
214.72999069999997,1.4000000000000001
214.7299908,1.4000000000000001
214.7299909,1.8
214.72999099999998,1.8
214.72999109999998,1.4000000000000001
214.7299912,1.8
214.7299913,1.6
214.7299914,1.8
214.72999149999998,1.4000000000000001
214.72999159999998,1.8
214.7299917,1.4000000000000001
214.7299918,1.6
214.7299919,1.4000000000000001
214.72999199999998,1.6
214.72999209999998,1.4000000000000001
214.7299922,1.6
214.7299923,1.2000000000000002
214.7299924,1.4000000000000001
214.72999249999998,1.2000000000000002
214.72999259999997,1.2000000000000002
214.7299927,1.0
214.7299928,1.2000000000000002
214.72999289999998,0.8
214.72999299999998,1.0
214.72999309999997,0.8
214.7299932,0.8
214.7299933,0.6000000000000001
214.72999339999998,0.6000000000000001
214.72999349999998,0.4
214.7299936,0.6000000000000001
214.7299937,0.2
214.7299938,0.4
214.72999389999998,0.0
214.72999399999998,0.2
214.7299941,-0.2
214.7299942,-0.2
214.7299943,0.0
214.72999439999998,-0.2
214.72999449999998,-0.4
214.7299946,-0.4
214.7299947,-0.6000000000000001
214.7299948,-0.4
214.72999489999998,-0.8
214.72999499999997,-0.6000000000000001
214.7299951,-0.8
214.7299952,-0.8
214.72999529999998,-1.0
214.72999539999998,-0.8
214.72999549999997,-1.0
214.7299956,-0.8
214.7299957,-1.2000000000000002
214.72999579999998,-1.0
214.72999589999998,-1.2000000000000002
214.729996,-1.0
214.7299961,-1.2000000000000002
214.7299962,-1.2000000000000002
214.72999629999998,-1.0
214.72999639999998,-1.0
214.7299965,-1.2000000000000002
214.7299966,-1.0
214.7299967,-1.2000000000000002
214.72999679999998,-1.2000000000000002
214.72999689999997,-0.8
214.729997,-1.0
214.7299971,-0.8
214.72999719999999,-1.0
214.72999729999998,-0.6000000000000001
214.72999739999997,-1.0
214.7299975,-0.6000000000000001
214.7299976,-0.8
214.72999769999998,-0.4
214.72999779999998,-0.4
214.72999789999997,-0.6000000000000001
214.729998,-0.2
214.7299981,-0.6000000000000001
214.72999819999998,-0.4
214.72999829999998,0.0
214.7299984,-0.2
214.7299985,0.2
214.7299986,0.0
214.72999869999998,0.4
214.72999879999998,0.2
214.7299989,0.6000000000000001
214.729999,0.4
214.7299991,0.6000000000000001
214.72999919999998,0.6000000000000001
214.72999929999997,0.8
214.7299994,1.0
214.7299995,0.6000000000000001
214.72999959999999,0.8
214.72999969999998,1.2000000000000002
214.72999979999997,1.0
214.7299999,1.2000000000000002
214.73,1.2000000000000002
214.73000009999998,1.4000000000000001
214.73000019999998,1.2000000000000002
214.7300003,1.6
214.7300004,1.6
214.7300005,1.2000000000000002
214.73000059999998,1.6
214.73000069999998,1.4000000000000001
214.7300008,1.6
214.7300009,1.4000000000000001
214.730001,1.4000000000000001
214.73000109999998,1.8
214.73000119999998,1.8
214.7300013,1.4000000000000001
214.7300014,1.6
214.7300015,1.8
214.73000159999998,1.6
214.73000169999997,1.4000000000000001
214.7300018,1.6
214.7300019,1.4000000000000001
214.73000199999998,1.6
214.73000209999998,1.4000000000000001
214.73000219999997,1.4000000000000001
214.7300023,1.2000000000000002
214.7300024,1.4000000000000001
214.73000249999998,1.2000000000000002
214.73000259999998,1.4000000000000001
214.7300027,1.0
214.7300028,1.2000000000000002
214.7300029,0.8
214.73000299999998,1.0
214.73000309999998,0.8
214.7300032,1.0
214.7300033,0.4
214.7300034,0.8
214.73000349999998,0.4
214.73000359999997,0.6000000000000001
214.7300037,0.2
214.7300038,0.4
214.73000389999999,0.0
214.73000399999998,0.2
214.73000409999997,-0.2
214.7300042,0.0
214.7300043,-0.2
214.73000439999998,-0.4
214.73000449999998,-0.2
214.73000459999997,-0.2
214.7300047,-0.6000000000000001
214.7300048,-0.4
214.73000489999998,-0.8
214.73000499999998,-0.6000000000000001
214.7300051,-0.8
214.7300052,-0.8
214.7300053,-1.0
214.73000539999998,-0.8
214.73000549999998,-1.0
214.7300056,-0.8
214.7300057,-1.2000000000000002
214.7300058,-1.0
214.73000589999998,-1.2000000000000002
214.73000599999997,-1.0
214.7300061,-1.2000000000000002
214.7300062,-1.2000000000000002
214.73000629999999,-1.0
214.73000639999998,-1.2000000000000002
214.73000649999997,-1.0
214.7300066,-1.0
214.7300067,-1.2000000000000002
214.73000679999998,-1.2000000000000002
214.73000689999998,-0.8
214.730007,-1.0
214.7300071,-0.8
214.7300072,-1.0
214.73000729999998,-0.6000000000000001
214.73000739999998,-1.0
214.7300075,-0.6000000000000001
214.7300076,-0.8
214.7300077,-0.4
214.73000779999998,-0.6000000000000001
214.73000789999998,-0.4
214.730008,-0.6000000000000001
214.7300081,-0.2
214.7300082,-0.4
214.73000829999998,0.0
214.73000839999997,-0.2
214.7300085,0.2
214.7300086,0.0
214.73000869999998,0.4
214.73000879999998,0.2
214.73000889999997,0.6000000000000001
214.730009,0.4
214.7300091,0.6000000000000001
214.73000919999998,0.6000000000000001
214.73000929999998,0.8
214.7300094,0.6000000000000001
214.7300095,1.0
214.7300096,0.8
214.73000969999998,1.2000000000000002
214.73000979999998,1.0
214.7300099,1.4000000000000001
214.73001,1.2000000000000002
214.7300101,1.4000000000000001
214.73001019999998,1.4000000000000001
214.73001029999998,1.2000000000000002
214.7300104,1.6
214.7300105,1.2000000000000002
214.73001059999999,1.6
214.73001069999998,1.4000000000000001
214.73001079999997,1.6
214.7300109,1.4000000000000001
214.730011,1.6
214.73001109999998,1.8
214.73001119999998,1.4000000000000001
214.73001129999997,1.8
214.7300114,1.6
214.7300115,1.8
214.73001159999998,1.8
214.73001169999998,1.4000000000000001
214.7300118,1.6
214.7300119,1.4000000000000001
214.730012,1.6
214.73001209999998,1.4000000000000001
214.73001219999998,1.6
214.7300123,1.2000000000000002
214.7300124,1.4000000000000001
214.7300125,1.2000000000000002
214.73001259999998,1.2000000000000002
214.73001269999997,1.0
214.7300128,1.2000000000000002
214.7300129,1.0
214.73001299999999,0.8
214.73001309999998,1.2000000000000002
214.73001319999997,1.0
214.7300133,0.6000000000000001
214.7300134,0.8
214.73001349999998,0.4
214.73001359999998,0.6000000000000001
214.7300137,0.2
214.7300138,0.4
214.7300139,0.0
214.73001399999998,0.2
214.73001409999998,-0.2
214.7300142,0.0
214.7300143,-0.4
214.7300144,-0.2
214.73001449999998,-0.4
214.73001459999998,-0.2
214.7300147,-0.6000000000000001
214.7300148,-0.4
214.7300149,-0.8
214.73001499999998,-0.6000000000000001
214.73001509999997,-1.0
214.7300152,-0.6000000000000001
214.7300153,-1.0
214.73001539999998,-0.8
214.73001549999998,-1.0
214.73001559999997,-0.8
214.7300157,-1.0
214.7300158,-1.0
214.73001589999998,-1.2000000000000002
214.73001599999998,-1.0
214.7300161,-1.2000000000000002
214.7300162,-1.2000000000000002
214.7300163,-1.0
214.73001639999998,-1.2000000000000002
214.73001649999998,-1.0
214.7300166,-1.0
214.7300167,-1.2000000000000002
214.7300168,-1.0
214.73001689999998,-1.2000000000000002
214.73001699999998,-1.2000000000000002
214.7300171,-0.8
214.7300172,-0.8
214.7300173,-1.0
214.73001739999998,-1.0
214.73001749999997,-0.6000000000000001
214.7300176,-0.8
214.7300177,-0.4
214.73001779999998,-0.6000000000000001
214.73001789999998,-0.4
214.73001799999997,-0.6000000000000001
214.7300181,-0.2
214.7300182,-0.4
214.73001829999998,0.0
214.73001839999998,-0.2
214.7300185,0.2
214.7300186,0.0
214.7300187,0.4
214.73001879999998,0.2
214.73001889999998,0.6000000000000001
214.730019,0.4
214.7300191,0.6000000000000001
214.7300192,0.6000000000000001
214.73001929999998,0.8
214.73001939999997,0.6000000000000001
214.7300195,1.0
214.7300196,0.8
214.73001969999999,1.2000000000000002
214.73001979999998,1.0
214.73001989999997,1.2000000000000002
214.73002,1.2000000000000002
214.7300201,1.4000000000000001
214.73002019999998,1.2000000000000002
214.73002029999998,1.4000000000000001
214.73002039999997,1.4000000000000001
214.7300205,1.6
214.7300206,1.4000000000000001
214.73002069999998,1.6
214.73002079999998,1.4000000000000001
214.7300209,1.8
214.730021,1.6
214.7300211,1.8
214.73002119999998,1.6
214.73002129999998,1.8
214.7300214,1.8
214.7300215,1.6
214.7300216,1.6
214.73002169999998,1.4000000000000001
214.73002179999997,1.8
214.7300219,1.4000000000000001
214.730022,1.6
214.73002209999999,1.4000000000000001
214.73002219999998,1.6
214.73002229999997,1.2000000000000002
214.7300224,1.4000000000000001
214.7300225,1.2000000000000002
214.73002259999998,1.4000000000000001
214.73002269999998,1.0
214.7300228,1.2000000000000002
214.7300229,0.8
214.730023,1.0
214.73002309999998,0.6000000000000001
214.73002319999998,0.8
214.7300233,0.6000000000000001
214.7300234,0.8
214.7300235,0.4
214.73002359999998,0.6000000000000001
214.73002369999998,0.2
214.7300238,0.4
214.7300239,0.0
214.730024,0.2
214.73002409999998,-0.2
214.73002419999997,0.0
214.7300243,-0.2
214.7300244,-0.2
214.73002449999998,-0.4
214.73002459999998,-0.2
214.73002469999997,-0.6000000000000001
214.7300248,-0.4
214.7300249,-0.8
214.73002499999998,-0.6000000000000001
214.73002509999998,-1.0
214.7300252,-0.8
214.7300253,-1.0
214.7300254,-0.8
214.73002549999998,-1.0
214.73002559999998,-0.8
214.7300257,-1.2000000000000002
214.7300258,-1.0
214.7300259,-1.2000000000000002
214.73002599999998,-1.0
214.73002609999998,-1.2000000000000002
214.7300262,-1.0
214.7300263,-1.2000000000000002
214.73002639999999,-1.2000000000000002
214.73002649999998,-1.0
214.73002659999997,-1.2000000000000002
214.7300267,-1.0
214.7300268,-1.2000000000000002
214.73002689999998,-0.8
214.73002699999998,-1.0
214.73002709999997,-0.8
214.7300272,-0.8
214.7300273,-1.0
214.73002739999998,-1.0
214.73002749999998,-0.6000000000000001
214.7300276,-0.8
214.7300277,-0.6000000000000001
214.7300278,-0.6000000000000001
214.73002789999998,-0.4
214.73002799999998,-0.6000000000000001
214.7300281,-0.2
214.7300282,-0.4
214.7300283,0.0
214.73002839999998,-0.2
214.73002849999997,0.2
214.7300286,0.0
214.7300287,0.4
214.73002879999999,0.2
214.73002889999998,0.6000000000000001
214.73002899999997,0.4
214.7300291,0.6000000000000001
214.7300292,0.6000000000000001
214.73002929999998,1.0
214.73002939999998,0.6000000000000001
214.7300295,1.0
214.7300296,0.8
214.7300297,1.2000000000000002
214.73002979999998,1.2000000000000002
214.73002989999998,1.0
214.73003,1.4000000000000001
214.7300301,1.0
214.7300302,1.2000000000000002
214.73003029999998,1.6
214.73003039999998,1.4000000000000001
214.7300305,1.6
214.7300306,1.4000000000000001
214.7300307,1.6
214.73003079999998,1.4000000000000001
214.73003089999997,1.8
214.730031,1.4000000000000001
214.7300311,1.8
214.73003119999998,1.8
214.73003129999998,1.4000000000000001
214.73003139999997,1.6
214.7300315,1.8
214.7300316,1.6
214.73003169999998,1.6
214.73003179999998,1.6
214.7300319,1.4000000000000001
214.730032,1.4000000000000001
214.7300321,1.6
214.73003219999998,1.6
214.73003229999998,1.2000000000000002
214.7300324,1.4000000000000001
214.7300325,1.2000000000000002
214.7300326,1.2000000000000002
214.73003269999998,1.0
214.73003279999998,1.2000000000000002
214.7300329,0.8
214.730033,0.8
214.73003309999999,1.2000000000000002
214.73003319999998,1.0
214.73003329999997,0.6000000000000001
214.7300334,0.8
214.7300335,0.4
214.73003359999998,0.6000000000000001
214.73003369999998,0.2
214.73003379999997,0.4
214.7300339,0.0
214.730034,0.2
214.73003409999998,-0.2
214.73003419999998,0.0
214.7300343,-0.2
214.7300344,0.0
214.7300345,-0.4
214.73003459999998,-0.4
214.73003469999998,-0.6000000000000001
214.7300348,-0.4
214.7300349,-0.8
214.730035,-0.6000000000000001
214.73003509999998,-0.8
214.73003519999997,-0.6000000000000001
214.7300353,-1.0
214.7300354,-0.8
214.73003549999999,-1.0
214.73003559999998,-0.8
214.73003569999997,-1.2000000000000002
214.7300358,-1.0
214.7300359,-1.2000000000000002
214.73003599999998,-1.0
214.73003609999998,-1.2000000000000002
214.73003619999997,-1.2000000000000002
214.7300363,-1.0
214.7300364,-1.0
214.73003649999998,-1.2000000000000002
214.73003659999998,-1.0
214.7300367,-1.2000000000000002
214.7300368,-1.2000000000000002
214.7300369,-0.8
214.73003699999998,-1.2000000000000002
214.73003709999998,-0.8
214.7300372,-1.0
214.7300373,-0.8
214.7300374,-1.0
214.73003749999998,-0.6000000000000001
214.73003759999997,-0.6000000000000001
214.7300377,-0.8
214.7300378,-0.4
214.73003789999999,-0.6000000000000001
214.73003799999998,-0.6000000000000001
214.73003809999997,-0.2
214.7300382,-0.4
214.7300383,0.0
214.73003839999998,-0.2
214.73003849999998,0.2
214.7300386,0.0
214.7300387,0.4
214.7300388,0.2
214.73003889999998,0.6000000000000001
214.73003899999998,0.6000000000000001
214.7300391,0.4
214.7300392,0.4
214.7300393,0.8
214.73003939999998,0.6000000000000001
214.73003949999998,1.0
214.7300396,0.8
214.7300397,1.2000000000000002
214.7300398,1.0
214.73003989999998,1.4000000000000001
